<?xml version="1.0" encoding="UTF-8"?>
<root>
  <item name="com.braintreepayments.api.dropin.AddCardActivity int determineNextState(android.view.View)">
    <annotation name="androidx.annotation.IntDef">
      <val name="value" val="{com.braintreepayments.api.dropin.AddCardActivity.LOADING, com.braintreepayments.api.dropin.AddCardActivity.CARD_ENTRY, com.braintreepayments.api.dropin.AddCardActivity.DETAILS_ENTRY, com.braintreepayments.api.dropin.AddCardActivity.ENROLLMENT_ENTRY}" />
    </annotation>
  </item>
  <item name="com.braintreepayments.api.dropin.AddCardActivity mState">
    <annotation name="androidx.annotation.IntDef">
      <val name="value" val="{com.braintreepayments.api.dropin.AddCardActivity.LOADING, com.braintreepayments.api.dropin.AddCardActivity.CARD_ENTRY, com.braintreepayments.api.dropin.AddCardActivity.DETAILS_ENTRY, com.braintreepayments.api.dropin.AddCardActivity.ENROLLMENT_ENTRY}" />
    </annotation>
  </item>
</root>

