<?xml version="1.0" encoding="UTF-8"?>
<root>
  <item name="com.paypal.android.sdk.onetouch.core.PayPalLineItem PayPalLineItem(java.lang.String, java.lang.String, java.lang.String, java.lang.String) 0">
    <annotation name="androidx.annotation.StringDef">
      <val name="value" val="{com.paypal.android.sdk.onetouch.core.PayPalLineItem.KIND_CREDIT, com.paypal.android.sdk.onetouch.core.PayPalLineItem.KIND_DEBIT}" />
    </annotation>
  </item>
  <item name="com.paypal.android.sdk.onetouch.core.PayPalLineItem java.lang.String getKind()">
    <annotation name="androidx.annotation.StringDef">
      <val name="value" val="{com.paypal.android.sdk.onetouch.core.PayPalLineItem.KIND_CREDIT, com.paypal.android.sdk.onetouch.core.PayPalLineItem.KIND_DEBIT}" />
    </annotation>
  </item>
  <item name="com.paypal.android.sdk.onetouch.core.PayPalLineItem void setKind(java.lang.String) 0">
    <annotation name="androidx.annotation.StringDef">
      <val name="value" val="{com.paypal.android.sdk.onetouch.core.PayPalLineItem.KIND_CREDIT, com.paypal.android.sdk.onetouch.core.PayPalLineItem.KIND_DEBIT}" />
    </annotation>
  </item>
</root>

