<?xml version="1.0" encoding="UTF-8"?>
<root>
  <item name="com.braintreepayments.browserswitch.BrowserSwitchResult BrowserSwitchResult(int, java.lang.String) 0">
    <annotation name="androidx.annotation.IntDef">
      <val name="value" val="{com.braintreepayments.browserswitch.BrowserSwitchResult.STATUS_OK, com.braintreepayments.browserswitch.BrowserSwitchResult.STATUS_CANCELED, com.braintreepayments.browserswitch.BrowserSwitchResult.STATUS_ERROR}" />
    </annotation>
  </item>
  <item name="com.braintreepayments.browserswitch.BrowserSwitchResult BrowserSwitchResult(int, java.lang.String, org.json.JSONObject) 0">
    <annotation name="androidx.annotation.IntDef">
      <val name="value" val="{com.braintreepayments.browserswitch.BrowserSwitchResult.STATUS_OK, com.braintreepayments.browserswitch.BrowserSwitchResult.STATUS_CANCELED, com.braintreepayments.browserswitch.BrowserSwitchResult.STATUS_ERROR}" />
    </annotation>
  </item>
  <item name="com.braintreepayments.browserswitch.BrowserSwitchResult int getStatus()">
    <annotation name="androidx.annotation.IntDef">
      <val name="value" val="{com.braintreepayments.browserswitch.BrowserSwitchResult.STATUS_OK, com.braintreepayments.browserswitch.BrowserSwitchResult.STATUS_CANCELED, com.braintreepayments.browserswitch.BrowserSwitchResult.STATUS_ERROR}" />
    </annotation>
  </item>
  <item name="com.braintreepayments.browserswitch.BrowserSwitchResult.BrowserSwitchStatus">
    <annotation name="androidx.annotation.IntDef">
      <val name="value" val="{com.braintreepayments.browserswitch.BrowserSwitchResult.STATUS_OK, com.braintreepayments.browserswitch.BrowserSwitchResult.STATUS_CANCELED, com.braintreepayments.browserswitch.BrowserSwitchResult.STATUS_ERROR}" />
    </annotation>
  </item>
</root>

